Optimal_Chord(ft),Required_Thrust(lbf),Optimal_CL,Takeoff_Distance(ft),Takeoff_Time(s),Min_Thrust(lbf),Max_Thrust(lbf),Min_CL,Max_CL,Min_Distance(ft),Max_Distance(ft),Min_Time(s),Max_Time(s)
3.0,13.850022605194775,1.500000204489952,89.99999417301244,5.300000000000001,13.850022605194775,22.545846951862273,0.9434958831932861,2.0091270491332716,89.99996945307274,90.00002086807041,3.8000000000000003,5.9
