Optimal_Chord(ft),Required_Thrust(lbf),Optimal_CL,Takeoff_Distance(ft),Takeoff_Time(s),Min_Thrust(lbf),Max_Thrust(lbf),Min_CL,Max_CL,Min_Distance(ft),Max_Distance(ft),Min_Time(s),Max_Time(s)
3.75,13.667905072384128,1.5000014753995765,89.99997153167304,5.6000000000000005,13.667905072384128,19.794206430346726,1.0000040198635443,2.431242434779324,89.99996583911506,90.00003131961758,4.1000000000000005,5.800000000000001
