Chord(ft),Required_Thrust(lbf),Optimal_CL,Takeoff_Distance(ft),Takeoff_Time(s)
2.0,15.890568103318815,1.5678281267183947,90.0000057594425,4.7
2.25,19.794206430346726,1.0000040198635443,89.99998092478144,4.1000000000000005
2.5,18.297199035222945,1.0000040198635443,89.99996583911506,4.3
2.75,13.986120112029349,2.431242434779324,89.999996900563,5.800000000000001
3.0,14.0941306728324,2.252962419898419,89.99996829757272,5.800000000000001
3.25,14.100299660530776,1.2975682264983823,89.99996977219325,5.2
3.5,14.169486715177056,1.9396584445278973,89.99998131664192,5.800000000000001
3.75,13.667905072384128,1.5000014753995765,89.99997153167304,5.6000000000000005
4.0,13.75059497898376,1.4214269302380722,90.00003131961758,5.6000000000000005
