Iteration,Start_CL,CL,Thrust(lbf),Error
0,1.0,0.943495397759791,22.408994169468773,0.006206976065370403
1,1.0,0.9434958831932861,22.545846951862273,5.9458545504437806e-08
